{
  "report_metadata": {
    "timestamp": "2025-07-27T05:17:52.513974",
    "test_type": "Real Transaction Stress Test",
    "blockchain_type": "Quantum-Enhanced Solana-Style",
    "test_scope": "End-to-End Transaction Processing"
  },
  "individual_transaction_performance": {
    "avg_creation_time_ms": 0.0305938720703125,
    "avg_signing_time_ms": 0.971987247467041,
    "total_avg_time_ms": 1.0025811195373535,
    "theoretical_creation_rate": 997.425525489105
  },
  "parallel_processing_performance": {
    "total_transactions": 1000,
    "total_time_seconds": 0.23453593254089355,
    "avg_individual_time_ms": 1.803532361984253,
    "parallel_throughput": 4263.738989443081,
    "speedup_factor": 7.689791250514631,
    "parallel_efficiency": 96.12239063143289,
    "transactions": [
      